State0,State1,State2,State3,State4,State5,State6
104279.5465109019,99638.29781524875,85972.10526315791,311260.0,306006.5130601154,134544.1356248301,118852.0021933251
104279.5465109019,104279.5465109019,104279.5465109019,323758.94736842107,309669.4736842105,143389.4736842105,143389.4736842105
291.483525,264.4278639071472,275.8116271374083,438.74331639470927,1025.67886642978,694.4156218391785,719.4615013782515
291.483525,291.483525,291.483525,440.1421842105263,1025.7145315789476,770.2347736842104,759.0953842105263
0.0,83.4083667313742,177.2800522914507,53.38016918145244,83.95688537327206,160.05261065832497,282.2065934439465
2377.1601425925646,2286.6907168346243,2373.364925141802,2565.5356773024578,4318.827078189992,3632.837654205443,3747.077425283029
