State0,State1,State2,State3,State4,State5,State6
109359.61643040465,105191.27276718647,93426.42857142858,217824.99999999997,212343.16200242413,116967.89398939541,109537.12065727018
109359.61643040465,109359.61643040465,109359.61643040465,232627.14285714278,216525.7142857143,121601.42857142855,121601.42857142855
291.483525,269.35275533981263,278.6368518742694,379.68322971743254,867.1276189499622,626.255338839867,638.1104059617851
291.483525,291.483525,291.483525,381.7283142857143,867.1713428571428,647.645807142857,657.4470571428573
0.0,77.7366988317981,160.5157205821917,64.29102363431264,99.02455146875894,118.51491346498045,197.1171797448998
2363.505814105694,2290.447143119502,2360.3164456093245,2473.6612536554258,4015.0773548842794,3454.6998100486994,3511.813297908876
