State0,State1,State2,State3,State4,State5,State6
101545.0,100142.66091732484,96645.0,181509.28571428574,181509.28571428574,107618.48381291065,101545.0
101545.0,101545.0,101545.0,192920.0,192920.0,114965.71428571429,114965.71428571429
291.483525,290.327694412278,287.39361282341787,357.6553218320044,803.8559881312694,627.5429020136535,625.8701322756176
291.483525,291.483525,291.483525,358.49576428571424,803.8827,639.4964357142857,639.4964357142857
0.0,48.192664565804236,90.65480718329854,41.16677480499902,60.17483132901862,154.98226459583202,165.4713748363841
2383.7171385195193,2383.7171385195193,2383.7171385195193,2451.9021360999204,4058.751017050022,3645.28731580257,3645.28731580257
