State0,State1,State2,State3,State4,State5,State6
101545.0,101506.75548911547,101416.25000000001,120355.83333333333,120355.83333333333,103492.4637978613,101545.0
101545.0,101545.0,101545.0,120482.91666666666,120482.91666666666,104923.33333333337,104923.33333333337
291.483525,291.4521549680508,291.3778842635943,309.7779069729362,788.4249460558545,716.4483736662529,716.0888661297923
291.483525,291.483525,291.483525,309.8177375,788.4312,719.26465,719.26465
0.0,7.939466633143869,14.569664703071489,8.944821932774103,14.807993300068354,75.22660807645975,79.88391023050063
2384.759551410993,2384.759551410993,2384.759551410993,2402.905123298809,4538.541887838239,4332.093533327901,4332.093533327901
