State0,State1,State2,State3,State4,State5,State6
101502.55025921951,101476.90714100715,101416.25000000001,120355.83333333333,119829.37990554477,104276.35768353973,103338.48530306626
101502.55025921951,101502.55025921951,101502.55025921951,120482.91666666666,119874.16666666666,104923.33333333337,104923.33333333337
291.483525,291.36282167184294,291.41260085111253,309.79103631715043,788.4257899357543,658.0445948863374,659.7454457577717
291.483525,291.483525,291.483525,309.8177375,788.4312,719.26465,662.6206541666666
0.0,6.501283475277687,11.929995872873679,7.323675621403909,13.006888242276942,48.36138116195296,76.00962332270078
2384.9082159012173,2384.531895204162,2384.888656476735,2402.9523910723806,3953.2179736060766,3590.071049537898,3598.120233635235
