State0,State1,State2,State3,State4,State5,State6
101545.0,97502.88093328563,85972.10526315791,311260.0,311260.0,119271.24018911521,101545.0
101545.0,101545.0,101545.0,323758.94736842107,323758.94736842107,143389.4736842105,143389.4736842105
291.483525,288.12019486653,277.94354313692395,438.9486152174493,1025.6828061218564,730.7540894874247,723.5803386612724
291.483525,291.483525,291.483525,440.1421842105263,1025.7145315789476,770.2347736842104,770.2347736842104
0.0,82.20885445118058,164.9464179531072,49.30853663934427,74.93408493704842,281.6606534628617,306.182459406565
2381.5365825558156,2381.5365825558156,2381.5365825558156,2566.204574013648,4557.0297914349485,3994.942235840805,3994.942235840805
