State0,State1,State2,State3,State4,State5,State6
104962.72611015433,103140.67991250128,98525.71428571429,158709.99999999994,155303.66206792687,109646.27799809615,106327.5384896068
104962.72611015433,104962.72611015433,104962.72611015433,166454.2857142857,157492.85714285716,111847.85714285712,111847.85714285712
291.483525,282.53262526988624,286.25212450997986,339.4003069677559,771.1231800432396,620.5210434509252,625.9941384454801
291.483525,291.483525,291.483525,340.7268642857142,771.1587071428572,669.0575214285715,635.1127214285715
0.0,53.36275228962909,102.44720992735623,51.676944898668296,78.99745304833486,84.2758757400489,135.36223963237597
2375.2856373711866,2346.732503060963,2373.901001427519,2427.9073761422155,3827.859629440991,3454.715534397293,3481.233875821729
