State0,State1,State2,State3,State4,State5,State6
102644.07590632403,101806.03939930844,99763.57142857142,141980.71428571432,140273.34724867324,107468.97409392356,105227.17764562357
102644.07590632403,102644.07590632403,102644.07590632403,145736.42857142858,141385.7142857143,108982.14285714286,108982.14285714286
291.483525,287.4499359943625,289.1192083489351,326.6495305924397,773.2977593033285,633.0759101432413,636.9004474866539
291.483525,291.483525,291.483525,327.3477428571428,773.3242857142857,692.528657142857,643.3128785714287
0.0,36.80351479982555,68.87670567963686,37.47209490746775,59.334826501801665,71.35820196168021,113.51289572550878
2381.6979009362944,2368.994065173441,2381.057530170534,2415.449324649137,3863.537567508774,3501.0421996592054,3519.434145723022
