State0,State1,State2,State3,State4,State5,State6
109942.60307763975,104874.27315026928,89777.77777777778,262985.55555555556,257252.06190131945,126279.62881440633,115177.4476952775
109942.60307763975,109942.60307763975,109942.60307763975,278825.5555555556,261754.44444444444,132891.1111111111,132891.1111111111
291.483525,263.1095372204661,275.0567689954876,405.96009631727844,930.9243401270752,649.3864986350723,666.6871250635486
291.483525,291.483525,291.483525,407.8971111111112,930.9664333333336,688.6880222222221,694.5012999999999
0.0,84.72027982505742,181.49681587827263,62.66930213524013,96.71610136227598,138.43788910324503,236.41059611825247
2361.97959722035,2266.775669512706,2358.0283477479597,2506.6219897224732,4132.087534891263,3507.2991849420823,3589.220411551079
