State0,State1,State2,State3,State4,State5,State6
101545.0,100142.66091732484,96645.0,181509.28571428574,181509.28571428574,107618.44340543964,101545.0
101545.0,101545.0,101545.0,192920.0,192920.0,114965.71428571429,114965.71428571429
291.483525,290.327694412278,287.39361282341787,357.6553218320044,802.2810354165086,627.5428346927034,625.8700543610693
291.483525,291.483525,291.483525,358.49576428571424,803.8827,639.4964357142857,639.4964357142857
0.0,48.192664565804236,90.65480718329854,41.16677480499902,60.056933947123724,154.98270101651195,165.47184791439588
2383.7171385195193,2383.7171385195193,2383.7171385195193,2451.9021360999204,4053.839059002663,3645.2870510479265,3645.2870510479265
