State0,State1,State2,State3,State4,State5,State6
101545.0,98374.51929140129,89777.77777777778,262985.55555555556,262985.55555555556,115675.14172451985,101545.0
101545.0,101545.0,101545.0,278825.5555555556,278825.5555555556,132891.1111111111,132891.1111111111
291.483525,288.8537669664599,281.4046332054834,406.7549915503519,930.9354628291094,661.9216109106703,657.5712410706935
291.483525,291.483525,291.483525,407.8971111111112,930.9664333333336,688.6880222222221,688.6880222222221
0.0,72.69285777257406,142.31157944893266,48.12455478746286,71.63208878288467,231.91504368604453,250.0524877654006
2382.287763737708,2382.287763737708,2382.287763737708,2509.237680203211,4323.315033993484,3750.9271959093426,3750.9271959093426
