State0,State1,State2,State3,State4,State5,State6
109942.60307763975,104874.27315026928,89777.77777777778,262985.55555555556,262985.55555555556,129555.96750734869,123027.37431221572
109942.60307763975,109942.60307763975,109942.60307763975,278825.5555555556,278825.5555555556,132891.1111111111,132891.1111111111
291.483525,263.1095372204661,275.0567689954876,405.96009631727844,930.9257564001472,669.4025975976483,679.3652021511753
291.483525,291.483525,291.483525,407.8971111111112,930.9664333333336,688.6880222222221,694.5012999999999
0.0,84.72027982505742,181.49681587827263,62.66930213524013,93.46200490640838,110.61931335602064,181.43987930499546
